5611ES,51.436731,5.480710
5611ZZ,51.443189,5.475819
5641BA,51.450096,5.519090
5623EJ,51.464361,5.470679
5615DA,51.432292,5.467083
5625RG,51.473288,5.481030
5641NE,51.441637,5.526977
5645KK,51.421532,5.517110
5625AA,51.467906,5.477033
5612CD,51.447612,5.475266
5611CJ,51.441287,5.482172
5643KB,51.424438,5.497291
5654NK,51.422302,5.457519
5613CJ,51.441068,5.496670
5624AR,51.464910,5.455355
5611EP,51.436532,5.481544
5624AA,51.473632,5.450546
5651CK,51.448860,5.448181
5612CS,51.451183,5.471173
5611KM,51.434890,5.478391
5622GL,51.464498,5.466607
5629KR,51.487877,5.479736
5611AG,51.441922,5.475198
5627CK,51.484269,5.443924
5628PW,51.480654,5.475186
5611BL,51.441259,5.472550
5611ER,51.435902,5.482952
5624CD,51.465478,5.452938
5625CB,51.472850,5.465010
5617AB,51.449097,5.457963
5652RB,51.444274,5.432036
5632LE,51.477648,5.490165
5654PL,51.424350,5.460959
5611ET,51.436434,5.481573
5625JG,51.475646,5.476515
5654AZ,51.423630,5.462338
5615KT,51.426962,5.466772
5611JX,51.436806,5.476410
5628PZ,51.479755,5.475185
5654LJ,51.422013,5.459948
5615AC,51.425523,5.490450
5643BM,51.422614,5.496022
5622ND,51.455983,5.470664
5612ER,51.452106,5.474340
5621CD,51.455076,5.456361
5641VD,51.445837,5.517611
5614CH,51.427480,5.493172
5611CN,51.439506,5.483521
5632NR,51.479784,5.494302
5652GG,51.439982,5.443279
5631GL,51.462646,5.489944
5612RT,51.444839,5.468069
5641LB,51.443848,5.527458
5642HE,51.436999,5.511071
5615NN,51.427659,5.471705
5644CH,51.418543,5.495092
5626AB,51.475353,5.440674
5641KA,51.445549,5.525521
5626GZ,51.476535,5.430053
5626CH,51.477292,5.425836
5628XA,51.482530,5.478804
5613MC,51.438434,5.496980
5615PB,51.432433,5.470391
5632KA,51.476180,5.493228
5629PV,51.488160,5.473718
5611GJ,51.437280,5.479173
5651GG,51.471739,5.418995
5611AE,51.442002,5.476349
5654BL,51.420267,5.464244
5645BM,51.419251,5.507098
5643HT,51.417718,5.502249
5616RT,51.439428,5.467542
5629GB,51.484025,5.461473
5622PB,51.456161,5.460248
5631EW,51.460770,5.487292
5631KA,51.466982,5.496329
5643PR,51.430042,5.502697
5645ET,51.427831,5.510902
5611JT,51.436017,5.474323
5611ZX,51.443387,5.475114
5658GE,51.438140,5.416253
5616JJ,51.434105,5.457207
5652AB,51.430199,5.450385
5654EK,51.418870,5.454538
5616EB,51.433185,5.461519
5654SJ,51.423319,5.455652
5616BR,51.435834,5.465637
5623AJ,51.455468,5.475181
5622AE,51.454405,5.465568
5631BV,51.458804,5.494598
5613ET,51.439967,5.491504
5626DZ,51.480374,5.429840
5631CC,51.458815,5.492439
5622BS,51.454613,5.463756
5622BJ,51.456024,5.463614
5626BR,51.478594,5.430746
5644HG,51.412957,5.490076
5625EJ,51.471929,5.470521
5613LN,51.431270,5.496488
5616RE,51.445765,5.453542
5654KW,51.419028,5.446660
5624JJ,51.470362,5.461883
5613GC,51.437851,5.504587
5644KL,51.418477,5.489068
5616RB,51.443238,5.455193
5611CK,51.441475,5.482561
5644KM,51.418486,5.488925
5613GD,51.436943,5.504397
5654JE,51.417026,5.457094
5643LM,51.419812,5.503333
5651CD,51.447314,5.449344
5621HN,51.451710,5.462384
5615LA,51.432261,5.472202
5629RE,51.492915,5.474404
5658HX,51.434913,5.415920
5611AL,51.441363,5.477455
5657EA,51.457928,5.391978
5629GP,51.486938,5.460124
5641WP,51.444063,5.520511
5644EV,51.419298,5.495209
5643MS,51.422581,5.502693
5625NE,51.474855,5.476845
5611CH,51.440343,5.481724
5612DV,51.448758,5.480203
5628NS,51.479243,5.475270
5611JV,51.437077,5.475246
5632TP,51.484278,5.503397
5628GC,51.480891,5.470004
5653JK,51.423013,5.439160
5632EJ,51.474464,5.492663
5642KH,51.436474,5.514434
5611AZ,51.439746,5.475280
5627AE,51.481234,5.435283
5655HD,51.413844,5.440056
5646JJ,51.420476,5.513254
5642ER,51.438725,5.511104
5621AP,51.452801,5.456847
5642EG,51.441134,5.510636
5632TS,51.484434,5.500618
5641SN,51.445803,5.515381
5612KM,51.449466,5.471458
5616EM,51.432798,5.462338
5626BJ,51.479576,5.423362
5632LS,51.481980,5.490722
5631HN,51.465201,5.488194
5625PS,51.474634,5.483422
5644LE,51.419136,5.485720
5611NL,51.431496,5.484841
5632RH,51.482953,5.498844
5626BP,51.478566,5.431767
5653EJ,51.424265,5.452979
5627PB,51.493022,5.447448
5632WJ,51.478935,5.499122
5627LX,51.485993,5.447309
5615HC,51.431451,5.473121
5611EN,51.436929,5.480337
5621JA,51.452573,5.463580
5611KX,51.435243,5.475717
5644RK,51.418706,5.483951
5612CP,51.451164,5.472310
5611LR,51.431087,5.479951
5641DR,51.452780,5.522465
5616HS,51.435671,5.453182
5652VD,51.441955,5.432019
5644NH,51.421436,5.487522
5628HA,51.480464,5.464274
5617AC,51.449097,5.457963
5652HH,51.439883,5.444386
5611JB,51.436072,5.472397
5616NG,51.441997,5.457607
5613KV,51.440921,5.499359
5613JZ,51.441034,5.503315
5622GK,51.464561,5.466449
5611TS,51.433987,5.493877
5629MP,51.485778,5.474073
5641BE,51.450924,5.518244
5642GP,51.440929,5.509025
5612HK,51.452335,5.469693
5613CM,51.439673,5.487562
5641GH,51.448160,5.522336
5613BX,51.442419,5.502182
5613KL,51.441583,5.502554
5641PA,51.444088,5.522051
5654AA,51.425820,5.466367
5645KH,51.424516,5.517018
5611HK,51.437457,5.471910
5658HA,51.435292,5.412440
5614GG,51.427032,5.490957
5633AE,51.488739,5.491429
5653KA,51.421513,5.436801
5612LL,51.449504,5.468724
5641BG,51.450925,5.517381
5622GT,51.464959,5.463629
5632EE,51.468623,5.490533
5614HM,51.425450,5.491097
5632KG,51.476845,5.493474
5611CA,51.439661,5.480990
5622KD,51.460660,5.467047
5653BR,51.428786,5.452022
5652GK,51.439308,5.443551
5612ES,51.452133,5.474469
5615HP,51.432601,5.474490
5612LM,51.449987,5.471977
5623MZ,51.457781,5.482725
5651GH,51.470752,5.413194
5654GA,51.418696,5.460719
5641TE,51.445323,5.510561
5623ER,51.462293,5.470690
5652NL,51.443967,5.435833
5629NL,51.490378,5.476588
5623GP,51.464134,5.485429
5615RE,51.428959,5.464144
5623PB,51.454284,5.483034
5622GN,51.464841,5.464953
5651GJ,51.469251,5.410905
5612EJ,51.452672,5.475880
5614GM,51.425961,5.492565
5645CN,51.421553,5.506069
5616GL,51.439183,5.458480
5625SW,51.472474,5.486037
5611AC,51.442035,5.479743
5614HP,51.429409,5.486562
5625PD,51.475293,5.479681
5642EW,51.441231,5.512895
5615CG,51.427558,5.486544
5627LA,51.482056,5.447664
5627BE,51.482591,5.437688
5611GP,51.438765,5.477924
5642MD,51.439306,5.514342
5611TM,51.434150,5.492454
5632ND,51.477833,5.495074
5627CN,51.486067,5.442630
5613BG,51.441764,5.492098
5622PA,51.455163,5.461239
5631KH,51.464510,5.496770
5632EK,51.474555,5.491382
5628BE,51.479173,5.458960
5623BA,51.457916,5.471042
5652VC,51.440868,5.431716
5644TN,51.421287,5.482950
5641CA,51.450829,5.514086
5631JK,51.464516,5.489920
5611AH,51.440607,5.478244
5627BD,51.483706,5.435818
5652LE,51.440803,5.436045
5611AB,51.441361,5.479857
5611CS,51.438929,5.485245
5652AA,51.433298,5.452963
5625PA,51.471276,5.479198
5611SE,51.433227,5.489504
5614EM,51.428017,5.495229
5622GC,51.462240,5.456588
5644EJ,51.421413,5.492870
5613BH,51.441669,5.487912
5652AG,51.431896,5.435115
5615PD,51.429676,5.467150
5615GK,51.433563,5.473686
5632GM,51.472407,5.491521
5624CL,51.471477,5.445419
5644JK,51.415483,5.489780
5628CB,51.479794,5.457133
5623KM,51.466854,5.478470
5611BJ,51.440439,5.474620
5625EB,51.474967,5.470843
5623GM,51.464924,5.485575
5612HA,51.445314,5.470285
5628JB,51.479140,5.468303
5632GE,51.470988,5.489747
5611ZV,51.444596,5.480396
5611KL,51.435764,5.475430
5616RW,51.437900,5.468502
5643CD,51.422172,5.497487
5616SW,51.442746,5.451064
5615LD,51.427643,5.469591
5652NT,51.443356,5.436969
5617BM,51.446731,5.456888
5655JS,51.416607,5.432411
5632WD,51.478504,5.497739
5631BE,51.458709,5.490266
5651BN,51.446302,5.440640
5612LE,51.448109,5.470348
5615AN,51.425263,5.489371
5616JM,51.436932,5.463093
5644TS,51.423920,5.483703
5615PA,51.433978,5.471975
5652HE,51.439145,5.445406
5623BP,51.458857,5.474511
5611XD,51.438679,5.471769
5651GZ,51.462527,5.412081
5644HH,51.412464,5.488408
5611VC,51.436466,5.485815
5645CE,51.423350,5.506994
5642KK,51.438136,5.515834
5611EK,51.436390,5.480120
5654RS,51.423159,5.453365
5613DG,51.442159,5.501692
5614GE,51.426736,5.490438
5626DJ,51.478685,5.424916
5612HD,51.450773,5.465418
5653AV,51.428856,5.455459
5627JK,51.489259,5.440201
5611EG,51.437998,5.481259
5633BD,51.492312,5.496174
5654CC,51.421964,5.466346
5616GA,51.438528,5.455171
5644CW,51.416548,5.494785
5611GC,51.437120,5.477446
5644DR,51.415219,5.493100
5642EN,51.441583,5.511558
5612RN,51.443302,5.468296
5628CM,51.481090,5.455609
5625EA,51.472369,5.471471
5626HN,51.471933,5.430451
5657GA,51.435999,5.421975
5616PP,51.440427,5.465976
5616PC,51.442119,5.463519
5616CP,51.430032,5.459357
5611EC,51.439421,5.478041
5611EE,51.438368,5.479491
5644RE,51.412406,5.482701
5652AX,51.425102,5.431773
5644PK,51.421694,5.489536
5653LR,51.419380,5.442132
5642EP,51.440208,5.511425
5652PJ,51.441163,5.436276
5617BD,51.446826,5.457219
5627GK,51.481230,5.445072
5627PS,51.491775,5.443300
5632LD,51.481468,5.491225
5632GK,51.471994,5.490354
5624NH,51.473347,5.445364
5627VE,51.484902,5.435906
5627VH,51.485387,5.436036
5643TC,51.430408,5.505200
5631JL,51.464243,5.494208
5612HS,51.449923,5.459331
5614BC,51.430024,5.493034
5643RL,51.428574,5.504893
5645GC,51.426243,5.508123
5612PS,51.448042,5.464464
5652RL,51.445137,5.432612
5642MV,51.440496,5.518689
5644BV,51.415479,5.483556
5651AS,51.445646,5.440567
5611GL,51.439043,5.477824
5643NN,51.424092,5.502049
5644RX,51.417192,5.477551
5611LN,51.430167,5.482911
5632AN,51.469188,5.501847
5627LC,51.482244,5.448586
5644CE,51.418525,5.495250
5612KV,51.447948,5.470146
5628ED,51.482322,5.467963
5623CS,51.463684,5.474564
5654MC,51.420506,5.455878
5628LA,51.477926,5.469236
5645BK,51.420105,5.507071
5612HC,51.449352,5.466710
5651CH,51.448725,5.449073
5616HB,51.439489,5.457589
5615RD,51.429462,5.464490
5643GK,51.418942,5.500743
5631BP,51.457487,5.489774
5616GJ,51.439991,5.459992
5644RL,51.414653,5.482893
5615AM,51.424465,5.487169
5646AN,51.412737,5.503861
5654SN,51.424639,5.457480
5654DG,51.421554,5.460969
5654DM,51.418826,5.453762
5651EX,51.447154,5.445517
5624GX,51.471138,5.457897
5611EV,51.435722,5.482894
5613DW,51.438606,5.494953
5622CP,51.460698,5.464226
5642GG,51.439722,5.511438
5613DS,51.441569,5.498929
5644PL,51.413156,5.485279
5642AP,51.439253,5.505065
5616GR,51.438740,5.461413
5642RK,51.437760,5.521816
5654DB,51.422345,5.461746
5622JJ,51.464372,5.467917
5614CD,51.428199,5.493375
5653LW,51.422091,5.450100
5622BG,51.455331,5.465167
5611BX,51.441692,5.481325
5611XG,51.438815,5.470661
5623AA,51.457123,5.473673
5626CA,51.477615,5.426340
5642NL,51.442281,5.514494
5654CV,51.422549,5.465729
5644PT,51.413156,5.485279
5613BT,51.441699,5.503834
5642MP,51.439405,5.521778
5613SC,51.437467,5.491829
5632MT,51.483372,5.492698
5632TE,51.482807,5.501046
5645CL,51.421633,5.507075
5644DH,51.413958,5.495771
5621JE,51.458023,5.458121
5625JB,51.474997,5.478975
5616JV,51.437831,5.463325
5616SJ,51.447008,5.449588
5628KJ,51.479060,5.466042
5611GK,51.436868,5.478352
5627CP,51.485582,5.442572
5616LE,51.443683,5.462385
5651AG,51.444684,5.441976
5651CG,51.448069,5.449575
5652AL,51.434459,5.431854
5642CS,51.442819,5.507534
5651BG,51.446040,5.443876
5654TA,51.424862,5.460499
5652GP,51.440081,5.442215
5654DN,51.422299,5.462925
5654SC,51.421847,5.453248
5643BP,51.423362,5.494528
5615KP,51.427654,5.466744
5623BH,51.457788,5.473200
5612HJ,51.450054,5.466467
5654BN,51.419026,5.464918
5612DL,51.450117,5.477961
5622AC,51.452488,5.468385
5611PB,51.433653,5.485852
5611VK,51.435565,5.488244
5627KH,51.486072,5.450750
5627ET,51.488916,5.442749
5622GR,51.463997,5.464318
5615BP,51.423989,5.486349
5644RA,51.422076,5.485094
5621GR,51.454689,5.457008
5624AB,51.464675,5.457959
5613CG,51.441141,5.495174
5642MJ,51.439409,5.518844
5614BJ,51.427697,5.491878
5643VR,51.427943,5.506905
5611LD,51.432532,5.481981
5627KK,51.486035,5.452161
5615EN,51.428477,5.484173
5624ED,51.474004,5.459701
5615RK,51.428780,5.462548
5616EH,51.431882,5.461273
5623GE,51.465198,5.480913
5611NN,51.431433,5.484525
5653BD,51.428013,5.453056
5624HA,51.469807,5.458845
5629HD,51.487317,5.458815
5629GG,51.484287,5.460494
5615PX,51.428275,5.464962
5623ED,51.461187,5.471350
5632EH,51.472262,5.492240
5625HM,51.475277,5.465460
5611AW,51.438559,5.476112
5616GM,51.441153,5.455707
5625HJ,51.475698,5.466670
5614AR,51.430450,5.489066
5616GE,51.438962,5.466174
5656AA,51.413849,5.463931
5628AJ,51.478918,5.463422
5613DX,51.437047,5.499839
5653NC,51.420613,5.438482
5644JG,51.414220,5.484775
5632PD,51.482120,5.495171
5612AW,51.451216,5.485948
5613AB,51.443328,5.492360
5615EG,51.427447,5.478951
5643WG,51.428273,5.509206
5629HE,51.488258,5.462157
5625AH,51.471153,5.475499
5655BJ,51.415271,5.446138
5652SJ,51.443321,5.432783
5641LK,51.443266,5.525716
5653MH,51.427028,5.445276
5643PM,51.425559,5.500357
5631AA,51.456687,5.499671
5644TG,51.422374,5.482981
5631HL,51.463637,5.487558
5612DZ,51.449305,5.481441
5616AK,51.436416,5.468413
5613LB,51.434760,5.494296
5644TJ,51.421681,5.483799
5658HW,51.432756,5.414667
5644RB,51.419344,5.484269
5613DD,51.440896,5.497489
5653EL,51.422765,5.449425
5622BL,51.456699,5.462248
5643PB,51.425967,5.496648
5645GB,51.428956,5.509611
5616NB,51.440831,5.466681
5645EB,51.426494,5.508713
5615DB,51.430539,5.466879
5613BC,51.441629,5.491536
5642DE,51.440898,5.520890
5627KB,51.486919,5.446072
5655CK,51.413933,5.442140
5611AJ,51.440697,5.478058
5611RM,51.432734,5.487979
5628TC,51.479262,5.484728
5642HP,51.438507,5.513290
5632WB,51.477900,5.499551
5643JW,51.417605,5.498914
5658GH,51.441304,5.415018
5611AR,51.440716,5.476893
5621HT,51.452026,5.461392
5654HD,51.418035,5.454307
5657EH,51.456066,5.399416
5642LK,51.437377,5.519255
5654AB,51.426586,5.463939
5612JW,51.449922,5.461921
5642EE,51.439076,5.510372
5612HH,51.447778,5.468750
5621BM,51.454241,5.454015
5624AP,51.465656,5.454636
5625VT,51.468890,5.483655
5629NX,51.491782,5.475338
5644BR,51.409172,5.490226
5646HR,51.420154,5.511542
5629NT,51.491405,5.474401
5652NP,51.444199,5.440335
5627VD,51.484957,5.432839
5627TD,51.491120,5.440203
5616TB,51.434170,5.467259
5627GM,51.480852,5.445604
5653ET,51.426412,5.453830
5627PT,51.492196,5.445345
5645KC,51.427700,5.515488
5644ET,51.418463,5.494272
5611LT,51.430070,5.481171
5627HA,51.478963,5.448927
5654GD,51.416997,5.460415
5622DE,51.458083,5.462610
5644NE,51.420563,5.488095
5653KW,51.423680,5.434388
5612PN,51.447421,5.464420
5615PZ,51.434645,5.469532
5616KH,51.438719,5.452252
5628RZ,51.477011,5.478476
5622GM,51.464185,5.465139
5628TP,51.479840,5.481360
5611DB,51.440310,5.479136
5633AA,51.486689,5.492605
5653RD,51.418205,5.436337
5658LJ,51.443032,5.409007
5644BP,51.416556,5.486045
5612BG,51.447503,5.476532
5615GJ,51.433402,5.473657
5632WT,51.480463,5.499039
5643RA,51.426802,5.505996
5623BB,51.460253,5.470528
5615LJ,51.429017,5.470500
5627GC,51.478938,5.445673
5632PC,51.481863,5.501087
5645JN,51.427298,5.512942
5652XR,51.439341,5.429126
5616DB,51.435920,5.457986
5651CN,51.447791,5.447719
5625AZ,51.470395,5.478937
5658LA,51.443085,5.410287
5644RT,51.414590,5.470689
5632LX,51.479033,5.489247
5612AT,51.449048,5.498545
5612HB,51.446915,5.469094
5611WB,51.439126,5.486310
5616NJ,51.442347,5.458097
5616PE,51.441399,5.463777
5631BC,51.459304,5.488671
5641BP,51.450904,5.520244
5642NN,51.441072,5.518446
5643NR,51.425027,5.502023
5655HN,51.413826,5.441306
5654DD,51.420090,5.460017
5625GT,51.475746,5.462280
5643BJ,51.424692,5.495107
5613KD,51.439753,5.498609
5654RE,51.425323,5.457035
5625LT,51.472727,5.473861
5627DA,51.483407,5.440741
5611NC,51.430812,5.485889
5625RA,51.471382,5.480566
5644BZ,51.415243,5.487006
5612GK,51.450727,5.467806
5622MA,51.457484,5.471055
5643NL,51.423400,5.501257
5615CE,51.428421,5.486502
5643HR,51.417700,5.502421
5628VN,51.480168,5.486918
5623EW,51.461528,5.472933
5616GK,51.438704,5.461787
5621EB,51.454687,5.460303
5611HE,51.437826,5.471508
5613HM,51.437735,5.503695
5644CB,51.417746,5.492589
5612AB,51.446870,5.480328
5614GJ,51.426232,5.491386
5653HW,51.422991,5.448405
5652LP,51.440065,5.439209
5632GB,51.470897,5.491143
5611RD,51.432076,5.489674
5645GE,51.420997,5.504745
5641CC,51.451232,5.515972
5643NT,51.425117,5.501808
5615SP,51.432778,5.465804
5652EG,51.437530,5.438285
5623PP,51.455214,5.478087
5622CV,51.458684,5.463906
5628DA,51.483841,5.467519
5645LH,51.428716,5.515693
5626DH,51.478722,5.423692
5653LC,51.419178,5.432514
5627PV,51.491756,5.444394
5625TC,51.474685,5.486978
5611HT,51.437422,5.469566
5629HA,51.486765,5.463738
5611GT,51.438082,5.477880
5652EM,51.437574,5.441651
5624EL,51.472691,5.460519
5611GD,51.437129,5.477245
5613GA,51.439937,5.504232
5644GA,51.422384,5.492743
5651BJ,51.449606,5.449318
5641TC,51.445789,5.512202
5654GJ,51.417670,5.462903
5615NA,51.428351,5.471778
5616KA,51.440022,5.452786
5624EA,51.473045,5.455827
5628RH,51.477882,5.479816
5616BN,51.435556,5.465248
5658EN,51.437637,5.414987
5622CX,51.459629,5.463289
5626DK,51.483638,5.424171
5627RJ,51.489564,5.441296
5611GR,51.437856,5.478958
5653LD,51.421299,5.432042
5653BW,51.425175,5.448710
5644CJ,51.417159,5.495074
5627KR,51.485452,5.450145
5613AM,51.445432,5.491344
5616CC,51.432779,5.463719
5622EA,51.462211,5.459250
5642JA,51.434683,5.508548
5643JA,51.418940,5.503589
5611SG,51.432542,5.491746
5611SX,51.433814,5.486759
5642AC,51.437068,5.505232
5616GZ,51.441620,5.455377
5622JL,51.465837,5.467401
5611JM,51.434364,5.473443
5615EH,51.427294,5.479052
5615JL,51.428899,5.473188
5622JM,51.464058,5.466808
5615CH,51.426309,5.486109
5612HR,51.450660,5.460973
5624EG,51.473221,5.460649
5627HM,51.480444,5.453305
5628GA,51.477763,5.470373
5611TP,51.433763,5.493546
5627TP,51.488983,5.434398
5651AK,51.446005,5.442524
5658AX,51.448425,5.409110
5628KK,51.479043,5.465467
5625BW,51.469826,5.470632
5641EC,51.452692,5.520508
5642NE,51.441543,5.506365
5615CB,51.425886,5.486281
5624BC,51.464532,5.457110
5654AJ,51.424427,5.467127
5657EE,51.457892,5.395719
5632CV,51.472346,5.498645
5624DJ,51.471507,5.455624
5625BX,51.469062,5.470875
5621GX,51.455893,5.458233
5657EN,51.454458,5.393042
5622GD,51.463766,5.459440
5657GB,51.433746,5.420492
5646JD,51.417340,5.511779
5616RS,51.439456,5.465801
5654HX,51.418504,5.450297
5653HZ,51.423458,5.449268
5622CJ,51.458598,5.459302
5653EM,51.426376,5.455196
5616BV,51.436213,5.463495
5625GC,51.475718,5.464569
5614HN,51.424856,5.492275
5642CT,51.442335,5.505289
5623DR,51.455379,5.473296
5643EJ,51.419851,5.500429
5631KW,51.461228,5.497942
5613DR,51.441048,5.497993
5641KT,51.445286,5.527319
5632EM,51.474978,5.490821
5641KW,51.443675,5.528867
5628AA,51.476160,5.462065
5627EN,51.488719,5.441280
5612WN,51.445573,5.473105
5622NE,51.456163,5.470650
5615GH,51.430361,5.476412
5615JJ,51.429717,5.472442
5654AM,51.425325,5.467617
5653BK,51.424743,5.449141
5611EH,51.437017,5.482581
5643LH,51.418794,5.496602
5641AZ,51.447635,5.517084
5655HL,51.414151,5.437770
5654AN,51.425674,5.469343
5626DV,51.480786,5.433022
5623DB,51.453655,5.470976
5615SM,51.430486,5.465872
5616NS,51.441842,5.461131
5625AC,51.469148,5.475481
5627JE,51.482387,5.450241
5623DM,51.454712,5.475539
5615RG,51.428833,5.464201
5641KV,51.445259,5.527563
5615BD,51.425217,5.490435
5613DV,51.441898,5.502440
5614HK,51.427826,5.487781
5646HV,51.419067,5.511051
5654RT,51.422485,5.452689
5651EZ,51.445984,5.447242
5625WT,51.473105,5.484484
5654KK,51.417984,5.447953
5643AS,51.422171,5.499169
5632NL,51.481742,5.495472
5621CM,51.456955,5.454925
5624CC,51.466098,5.452334
5642CE,51.443618,5.508025
5621HK,51.453997,5.456892
5612RK,51.443418,5.469361
5611PE,51.432924,5.486325
5644GB,51.420838,5.492395
5628EJ,51.482287,5.466178
5616KJ,51.438079,5.454408
5627MB,51.487267,5.450968
5621GP,51.453899,5.454849
5612EV,51.452107,5.473448
5654RG,51.425179,5.456877
5632NK,51.480924,5.495571
5652BB,51.429654,5.442763
5624BE,51.463534,5.456518
5621BC,51.454071,5.453310
5632GH,51.472776,5.490615
5624NB,51.472842,5.447148
5652CV,51.437029,5.434316
5623CW,51.463261,5.474649
5641JB,51.447587,5.520133
5613HH,51.437781,5.502875
5628PM,51.480564,5.475805
5623HC,51.462419,5.482533
5654HC,51.418141,5.457628
5644RN,51.419607,5.481667
5653ML,51.427236,5.443939
5615BG,51.425786,5.488136
5616GX,51.440669,5.452183
5652XP,51.442136,5.430394
5645BD,51.421712,5.508930
5641GN,51.448700,5.521690
5616JC,51.437573,5.459182
5653JV,51.425582,5.443779
5624NP,51.470208,5.449534
5629MR,51.487126,5.475257
5653BC,51.427276,5.452911
5655HE,51.413305,5.440903
5644SM,51.417998,5.481865
5627JD,51.480050,5.450166
5623BM,51.459621,5.474052
5641JS,51.450519,5.526127
5611GS,51.437938,5.477836
5614CC,51.427003,5.494005
5643KC,51.423808,5.498454
5651CM,51.447234,5.446855
5642EH,51.439445,5.510301
5642LD,51.437762,5.520263
5642AD,51.437364,5.506297
5642JB,51.433428,5.521501
5655JB,51.414017,5.436448
5625JH,51.475674,5.475853
5641VB,51.443605,5.520021
5654BT,51.418263,5.463464
5651GW,51.459343,5.444627
5612DR,51.450709,5.479185
5611NV,51.433089,5.482428
5625CH,47.313642,8.291278
5653LP,51.419551,5.441514
5612RS,51.443661,5.469433
5622AH,51.454046,5.465193
5629GL,51.484760,5.465390
5642HG,51.436502,5.513687
5645BH,51.420292,5.508366
5627BZ,51.478994,5.439369
5641RB,51.443647,5.522423
5616NE,51.442866,5.460960
5632LK,51.479141,5.489823
5628XD,51.483007,5.477883
5625AE,51.470694,5.475153
5616CA,51.433101,5.465805
5641AV,51.444700,5.513465
5611PD,51.432834,5.486440
5654HJ,51.418836,5.452784
5627GA,51.476818,5.443022
5633BH,51.494761,5.492594
5611SZ,51.433454,5.486758
5616KP,51.437811,5.452409
5632LT,51.482062,5.490348
5621CC,51.455939,5.456564
5642DC,51.442198,5.516392
5653PH,51.422697,5.441834
5643NJ,51.424792,5.503115
5632DZ,51.472125,5.495349
5652JJ,51.439643,5.437885
5611GM,51.438225,5.478657
5622AX,51.456056,5.469269
5615AB,51.426261,5.489201
5615CW,51.424261,5.484279
5611LH,51.429780,5.483773
5628AX,51.476753,5.462080
5654NJ,51.423290,5.460123
5611NA,51.434014,5.484055
5643HW,51.418617,5.502683
5611TH,51.434627,5.491880
5641SC,51.443274,5.518970
5658GW,51.437951,5.419215
5628PB,51.480248,5.476582
5632DH,51.471650,5.493563
5655HP,51.413808,5.441004
5629GK,51.486659,5.461434
5654KX,51.418938,5.446761
5613CD,51.441297,5.491823
5654NN,51.427748,5.460892
5627MA,51.486170,5.444252
5628ZB,51.483014,5.480302
5629CH,51.491640,5.458462
5623BT,51.458966,5.472741
5654AH,51.423764,5.463373
5616GS,51.438967,5.458811
5611NB,51.433186,5.484557
5653AZ,51.428758,5.454668
5622PJ,51.461422,5.456256
5628CJ,51.482113,5.458159
5616HH,51.438006,5.457471
5624GM,51.470040,5.459752
5652AM,51.429989,5.438608
5623NJ,51.454184,5.484228
5631LL,51.461941,5.495080
5632CB,51.468794,5.490160
5631EJ,51.461399,5.487294
5631JC,51.465207,5.491432
5621BH,51.452748,5.455236
5623NR,51.455846,5.484951
5625VX,51.469519,5.484030
5654NL,51.427180,5.462660
5655BC,51.416657,5.441525
5654RK,51.424344,5.455538
5628VV,51.480248,5.488314
5628CC,51.479992,5.456817
5615PS,51.432532,5.470319
5651GB,51.458008,5.434452
5612DT,51.448571,5.478447
5628JA,51.479050,5.468302
5621GN,51.453953,5.454993
5624NW,51.471132,5.452356
5631AT,51.453036,5.509748
5654JC,51.419291,5.458593
5642KZ,51.436976,5.516032
5612CW,51.448573,5.475757
5621BT,51.455024,5.453268
5627LD,51.482423,5.449637
5615AD,51.424856,5.492116
5616SC,51.445281,5.451427
5628WE,51.481763,5.482214
5623MH,51.460269,5.485047
5621AS,51.452603,5.457955
5653AB,51.427354,5.457642
5614GK,51.426331,5.491358
5632XL,51.478158,5.502100
5613ES,51.438996,5.491401
5623AG,51.453382,5.475911
5627JP,51.481749,5.449406
5652PG,51.441792,5.435183
5653NK,51.420444,5.434428
5641EA,51.451991,5.520376
5643GJ,51.419309,5.502929
5611TD,51.434826,5.490672
5653LJ,51.422952,5.436299
5627BN,51.480711,5.438996
5611EM,51.435769,5.480334
5627PD,51.493291,5.447636
5612AZ,51.447954,5.485308
5655BL,51.415658,5.443493
5629MC,51.487952,5.476597
5612CN,51.449887,5.473458
5653LK,51.423642,5.438946
5627PJ,51.492734,5.447376
5612JA,51.450460,5.463964
5616GW,51.441190,5.453679
5623NH,51.454157,5.483983
5625PB,51.473082,5.479446
5625ED,51.473610,5.470106
5646BC,51.416447,5.506199
5632WX,51.477356,5.495850
5614HZ,51.429309,5.488244
5622GG,51.466189,5.465833
5641DK,51.453339,5.521157
5643MX,51.423446,5.500452
5616RV,51.443869,5.453770
5632CW,51.472877,5.498589
5612DW,51.450564,5.480926
5643PS,51.429440,5.502394
5642KP,51.436435,5.517742
5621CW,51.456433,5.456723
5623LC,51.458630,5.477360
5644DK,51.413004,5.497522
5622AM,51.452865,5.469666
5622EH,51.459919,5.458887
5642JC,51.435358,5.516042
5622KL,51.462010,5.464416
5652AH,51.433260,5.438813
5621EP,51.457727,5.457358
5644NG,51.420761,5.488225
5623NT,51.456935,5.483816
5625CG,51.470940,5.470720
5655CD,51.413475,5.442039
5651GL,51.473853,5.414289
5611HR,51.436862,5.474224
5642GK,51.439994,5.509281
5613DT,51.442089,5.500024
5631AN,51.456538,5.505182
5655JL,51.410477,5.432635
5611KP,51.434486,5.478290
5612WG,51.445400,5.475636
5643VB,51.429373,5.506118
5627EW,51.490623,5.445516
5612EN,51.451504,5.474382
5651AC,51.445132,5.443156
5611SJ,51.434118,5.487651
5652GH,51.441258,5.443022
5642NP,51.441533,5.516002
5616LV,51.442985,5.457896
5622JH,51.463688,5.468203
5611BZ,51.441835,5.482404
5622KA,51.462459,5.465294
5658GS,51.439380,5.418655
5654AV,51.423302,5.468045
5613LM,51.431982,5.494117
5611ZL,51.442480,5.473142
5645CJ,51.422415,5.506804
5643RP,51.427559,5.504330
5624AG,51.466700,5.453242
5632DC,51.470463,5.493963
5627NE,51.487188,5.447239
5658GK,51.441116,5.414054
5642AJ,51.440132,5.506808
5611DA,51.440184,5.479063
5622AG,51.456130,5.466593
5625XJ,51.468875,5.479654
5655BK,51.415019,5.446339
5644PG,51.422209,5.487567
5615KL,51.428129,5.467752
5616EA,51.435341,5.463623
5641DN,51.453660,5.523057
5632HM,51.471159,5.489143
5624EK,51.471666,5.461554
5641TW,51.444328,5.516686
5612KL,51.448772,5.473226
5623PG,51.453818,5.480932
5611JP,51.435011,5.472927
5645TH,51.429159,5.512674
5614HL,51.426414,5.489216
5627KV,51.485272,5.451440
5657DT,51.452947,5.402911
5645CV,51.420743,5.506613
5611TG,51.434376,5.491319
5611CB,51.436683,5.484061
5612SE,51.445191,5.465797
5652EA,51.439269,5.449074
5616JS,51.437526,5.462505
5653AX,51.428389,5.455257
5627ME,51.487699,5.451372
5625BC,51.470249,5.470158
5629BA,51.484750,5.478578
5611LG,51.431445,5.481764
5644TB,51.423146,5.484176
5653EH,51.424795,5.453023
5631EB,51.462766,5.487311
5632CA,51.468265,5.489612
5632JP,51.474683,5.499183
5615PN,51.431491,5.467930
5612BV,51.450469,5.476293
5627KW,51.486875,5.444834
5612CE,51.448673,5.474664
5654CW,51.422739,5.463328
5616PG,51.441480,5.463719
5615KJ,51.428830,5.468644
5645EK,51.425333,5.510291
5627MZ,51.491664,5.449045
5622DD,51.457400,5.461876
5654NE,51.421504,5.455476
5612HW,51.447770,5.467340
5616LK,51.444614,5.455022
5615CP,51.427119,5.484458
5652NJ,51.443787,5.435689
5653BP,51.425723,5.449703
5623HX,51.465731,5.476813
5611DE,51.437324,5.480496
5623AE,51.454811,5.475971
5644NB,51.421585,5.490887
5612LJ,51.448371,5.468953
5642GL,51.438625,5.512182
5652EN,51.437530,5.438774
5623JC,51.462790,5.479382
5612NG,51.449355,5.462653
5625WJ,51.470355,5.483442
5631CH,51.457993,5.487459
5611VW,51.436375,5.487426
5612KB,51.447128,5.472834
5654KT,51.419144,5.446761
5652GR,51.440675,5.442014
5625TH,51.474902,5.485668
5622CL,51.460940,5.464961
5612CG,51.449104,5.474248
5651EH,51.449556,5.440155
5613KA,51.439961,5.497487
5611LW,51.431329,5.480757
5615KS,51.426925,5.467692
5612GE,51.449962,5.468466
5652CN,51.437137,5.434258
5626BK,51.482443,5.424012
5614HR,51.425258,5.494432
5624KJ,51.469452,5.464889
5611CR,51.439857,5.483349
5623NN,51.455424,5.484676
5653JD,51.422276,5.438656
5653BH,51.425264,5.450320
5631AR,51.453553,5.506008
5628TB,51.480170,5.484643
5658EC,51.439418,5.411565
5623RB,51.454117,5.478516
5658AH,51.449162,5.408794
5644ND,51.420129,5.491070
5641HH,51.449266,5.522066
5652JD,51.439662,5.436015
5613HK,51.438625,5.503884
5611KZ,51.435654,5.478623
5611JR,51.435074,5.472812
5654HV,51.418783,5.451001
5623CG,51.459036,5.475576
5621EG,51.456990,5.456983
5645TG,51.429395,5.511136
5632PN,51.484043,5.495607
5615EM,51.427664,5.477701
5627MV,51.491151,5.449116
5625BT,51.469369,5.468861
5641PW,51.443187,5.524277
5611WJ,51.440809,5.484329
5625VG,51.468047,5.481106
5616VD,51.442118,5.449740
5628BH,51.479010,5.460687
5644AB,51.421573,5.494740
5611SM,51.432272,5.492364
5613CK,51.442126,5.498744
5654CZ,51.422549,5.465729
5632MA,51.477160,5.493432
5623MT,51.458077,5.482725
5652JP,51.439014,5.436662
5613HN,51.437744,5.503551
5615LC,51.428954,5.470615
5627BB,51.482770,5.438322
5613EH,51.440161,5.494971
5641TN,51.444034,5.514585
5627EZ,51.490577,5.446956
5632NV,51.480855,5.492749
5632LC,51.480030,5.491020
5622NB,51.456775,5.469773
5627CZ,51.483865,5.442138
5658AS,51.446969,5.405714
5612KH,51.447407,5.471814
5641PN,51.441398,5.523912
5658HH,51.433017,5.413647
5643BA,51.425025,5.494662
5641AG,51.448383,5.507477
5611GB,51.437741,5.476441
5643BL,51.423937,5.494760
5612PB,51.448564,5.462321
5644PW,51.422385,5.491708
5642LN,51.437513,5.517544
5625EM,51.473432,5.468365
5642TC,51.435641,5.520400
5627NT,51.489680,5.443960
5653EB,51.425944,5.455339
5623CX,51.463891,5.474362
5621EJ,51.456882,5.456925
5613GB,51.439658,5.504318
5655AK,51.416359,5.444457
5624DH,51.470780,5.455076
5616RH,51.442492,5.455407
5644SG,51.417306,5.481159
5642LL,51.437278,5.518910
5614AN,51.430374,5.493898
5613LT,51.428338,5.497833
5653KH,51.422259,5.437406
5613DL,51.437452,5.499020
5624HV,51.471404,5.462647
5625GS,51.471251,5.464129
5631CN,51.458110,5.486668
5628DJ,51.482181,5.463385
5644EP,51.418428,5.493582
5642KN,51.436068,5.516260
5627DE,51.485034,5.441103
5622EC,51.462157,5.459135
5655JX,51.413901,5.434205
5616CJ,51.432492,5.463258
5628RR,51.479265,5.480755
5613BW,51.442932,5.502413
5616KV,51.439141,5.452066
5643HL,51.417521,5.501630
5644HL,51.412925,5.485736
5642CH,51.443705,5.510888
5654DE,51.417834,5.458964
5623JD,51.462610,5.479512
5624GT,51.470437,5.457018
5644TK,51.421664,5.483655
5645EV,51.428424,5.511277
5652NG,51.444461,5.437977
5628CL,51.478140,5.457174
5641KN,51.445307,5.525506
5658PJ,51.435806,5.400806
5644GC,51.418807,5.492045
5611ZW,51.442775,5.475415
5643WE,51.429288,5.509655
5623HN,51.462489,5.485382
5625VZ,51.470355,5.484119
5658EW,51.440774,5.413852
5631CJ,51.457984,5.487257
5624JD,51.468387,5.458497
5623EG,51.462660,5.472691
5625KB,51.475621,5.474169
5613AH,51.442599,5.492531
5654KM,51.417859,5.447162
5629GD,51.484744,5.461949
5641BJ,51.452182,5.518061
5611HP,51.437510,5.472557
5625CL,51.472626,5.463772
5623CR,51.463612,5.474520
5629JB,51.489107,5.481826
5642NC,51.442546,5.509978
5614CJ,51.427390,5.493114
5641BD,51.450800,5.516287
5623JW,51.463727,5.477039
5627KX,51.486920,5.444964
5614BN,51.429261,5.492040
5653KV,51.423922,5.436516
5632KN,51.476409,5.499159
5658NP,51.437559,5.397973
5616HC,51.439121,5.455949
5641CD,51.451676,5.520303
5623PL,51.454457,5.479553
5643RB,51.427524,5.502978
5652NV,51.443059,5.436522
5646JA,51.417971,5.510401
5643TA,51.429949,5.505271
5651EA,51.448324,5.441779
5642KL,51.436321,5.515297
5627GJ,51.479594,5.444710
5625RE,51.471589,5.480912
5631LB,51.460560,5.491681
5645JS,51.427595,5.512972
5621AC,51.451038,5.459477
5655JW,51.414108,5.432883
5623DC,51.455074,5.472288
5629KH,51.489384,5.484389
5629KJ,51.486393,5.480654
5644BK,51.416323,5.485369
5612JM,51.450002,5.462727
5646AD,51.414644,5.502716
5631JW,51.465340,5.493419
5629GR,51.485042,5.459099
5643BG,51.424142,5.496270
5653EP,51.422739,5.449152
5625NK,51.473921,5.476037
5642KW,51.435813,5.518920
5642CJ,51.443897,5.507321
5643PA,51.426828,5.498347
5652AP,51.426107,5.436288
5628TE,51.476772,5.485341
5611AA,51.441952,5.481900
5631HE,51.465668,5.488066
5643RX,51.426581,5.502228
5654GK,51.418749,5.462401
5652KA,51.438313,5.437366
5651AR,51.445762,5.441646
5613GE,51.439317,5.503569
5624MD,51.474345,5.444631
5622HG,51.461670,5.462286
5645JR,51.428422,5.513319
5627BW,51.479875,5.440809
5657BA,51.444152,5.423276
5612RX,51.444704,5.468471
5651LX,51.444475,5.445586
5642MB,51.438873,5.515448
5645CG,51.421722,5.508068
5644DT,51.413275,5.496043
5611EA,51.439520,5.477667
5616NN,51.441078,5.460482
5611DJ,51.435535,5.481355
5632AJ,51.468702,5.502436
5652GA,51.439630,5.446658
5644GG,51.421934,5.492469
5616LS,51.443669,5.456919
5625HP,51.476085,5.465663
5625LM,51.474659,5.474930
5616TD,51.434287,5.467345
5622HP,51.462110,5.463236
5644EE,51.419992,5.493442
5628VA,51.480966,5.478757
5613EA,51.439498,5.492323
5632JJ,51.474093,5.495339
5644BA,51.410753,5.492285
5625CX,51.469477,5.467998
5644KR,51.418469,5.487961
5658HJ,51.432325,5.413143
5645KM,51.422586,5.514798
5627TZ,51.487858,5.437565
5625RK,51.474078,5.481492
5644TT,51.424010,5.482640
5641TK,51.445033,5.513121
5615NP,51.427004,5.470999
5624AC,51.465898,5.456637
5632AB,51.468374,5.497556
5625AT,51.469703,5.478806
5625AV,51.469883,5.478836
5658NN,51.437559,5.397973
5613LS,51.429050,5.496569
5632PP,51.484511,5.495537
5654HP,51.419267,5.451865
5631BJ,51.458782,5.488612
5611WC,51.439576,5.485808
5641BC,51.450187,5.518415
5616RZ,51.442053,5.453192
5628WX,51.482205,5.480027
5627AC,51.477089,5.439568
5628NR,51.478828,5.476536
5657ES,51.452876,5.391488
5652ET,51.438185,5.441767
5615HN,51.432403,5.475151
5612GP,51.452002,5.469966
5642RJ,51.436897,5.522087
5616LJ,51.445396,5.454736
5625NB,51.472858,5.478280
5623NE,51.453582,5.483781
5614EK,51.427647,5.497371
5631NR,51.452455,5.515414
5623PK,51.454627,5.481783
5632KK,51.476161,5.494408
5613DZ,51.437014,5.495956
5643TP,51.431120,5.503002
5623LP,51.458592,5.479662
5631DB,51.450768,5.504318
5611CE,51.437088,5.483113
5616HL,51.438203,5.457673
5641TT,51.444797,5.515076
5627JX,51.482266,5.440812
5655AV,51.418131,5.442634
5631HR,51.464698,5.487661
5628ZJ,51.483686,5.482880
5629GS,51.487530,5.462357
5629HG,51.488159,5.462200
5625PV,51.476228,5.479179
5614AX,51.429578,5.489223
5632JA,51.475079,5.498882
5653HB,51.422118,5.450143
5623DN,51.453994,5.475020
5612JC,51.451099,5.463174
5628ZG,51.483846,5.484378
5641TB,51.446208,5.515426
5628PP,51.479394,5.476580
5615HB,51.432305,5.472950
5641KJ,51.445101,5.524010
5652GJ,51.439982,5.443135
5652GL,51.439524,5.441840
5658HR,51.440380,5.409281
5621BJ,51.452362,5.455940
5642GE,51.437210,5.507145
5644PH,51.421650,5.488630
5623EX,51.460737,5.472946
5632PT,51.485203,5.495581
5631HH,51.463359,5.487370
5616JB,51.437097,5.458678
5616RX,51.441153,5.468623
5612GL,51.450708,5.468597
5614HC,51.426914,5.492538
5653EG,51.424839,5.453742
5646AW,51.413231,5.503991
5625EG,51.472766,5.469572
5622GJ,51.465101,5.466349
5611JW,51.435882,5.473978
5652RT,51.448158,5.431997
5611PP,51.430173,5.486607
5611BK,51.440928,5.469371
5644DA,51.413989,5.492062
5613JP,51.437918,5.499956
5642KD,51.438110,5.515072
5625EP,51.474610,5.467373
5612KP,51.448962,5.471730
5615ST,51.430847,5.463514
5623MN,51.459343,5.485404
5621BN,51.455014,5.454232
5614BD,51.430527,5.492805
5632CN,51.467930,5.491597
5643AH,51.422067,5.494468
5631KE,51.465183,5.497462
5632WR,51.479645,5.498735
5612DM,51.450513,5.478163
5621HP,51.454357,5.455598
5611PH,51.432762,5.486267
5641HA,51.448506,5.525818
5628KM,51.477829,5.465465
5641LL,51.444027,5.527775
5654CT,51.422181,5.465153
5627NL,51.489049,5.447688
5621BB,51.454494,5.452735
5631DA,51.451403,5.507744
5629MV,51.485843,5.471756
5623HD,51.464343,5.481717
5653AK,51.428784,5.456365
5641SK,51.443218,5.520624
5641LX,51.443081,5.529642
5652AV,51.428660,5.434379
5653EZ,51.425289,5.452952
5654LR,51.420567,5.459026
5652GN,51.441187,5.442115
5645CD,51.422944,5.508186
5653ND,51.420481,5.433680
5652SE,51.443034,5.431905
5651BT,51.445428,5.444969
5654NW,51.424170,5.460455
5616KT,51.438305,5.452151
5655EM,51.417414,5.438105
5641SH,51.442733,5.519932
5644BB,51.415143,5.488328
5611KS,51.433929,5.477742
5652LC,51.439429,5.433757
5652JX,51.439309,5.439797
5653RA,51.418951,5.437618
5631DD,51.450450,5.507209
5654RN,51.423715,5.454660
5623BD,51.463346,5.469210
5632XA,51.478160,5.500747
5625RT,51.471930,5.481905
5632BM,51.470087,5.501374
5625WL,51.469449,5.481584
5623AX,51.455412,5.476792
5622AV,51.455338,5.468490
5632AD,51.467728,5.496259
5643EM,51.419736,5.497841
5612CR,51.450436,5.472553
5613LC,51.434444,5.495202
5631KC,51.464929,5.500138
5627MG,51.488732,5.451042
5613CH,51.441096,5.494944
5632NH,51.479549,5.495424
5654LP,51.420684,5.459069
5612JD,51.450487,5.463864
5612WB,51.445257,5.474298
5613JH,51.438037,5.498259
5643RW,51.426662,5.502286
5646KZ,51.413527,5.513867
5655CB,51.413680,5.445388
5653PL,51.425178,5.442096
5622JS,51.462601,5.468028
5612SG,51.445398,5.466171
5612CC,51.446380,5.475134
5625BP,51.468532,5.470039
5643RH,51.429465,5.504349
5641TV,51.444401,5.515679
5628HG,51.479610,5.463524
5641LC,51.444504,5.527877
5646BN,51.418045,5.508633
5643PH,51.425498,5.498185
5652NX,51.442825,5.438521
5616RA,51.445325,5.453700
5642RR,51.436739,5.526128
5625LA,51.471963,5.473270
5632JL,51.474318,5.495426
5643VE,51.427585,5.505351
5632HX,51.469299,5.488981
5612PX,51.448743,5.463717
5623AC,51.456233,5.473470
5645JV,51.427566,5.514424
5642HH,51.436520,5.513543
5611PK,51.432232,5.486539
5627GH,51.481042,5.442653
5621GE,51.454184,5.459396
5615JK,51.429779,5.473851
5631BL,51.458414,5.488683
5628AL,51.477878,5.459390
5613JG,51.438783,5.497988
5616EJ,51.431954,5.461359
5641NK,51.443110,5.528420
5658JB,51.438410,5.415246
5625BE,51.468729,5.471580
5615NG,51.426320,5.471041
5616HM,51.437342,5.455342
5652EB,51.438713,5.447233
5628AB,51.477489,5.463017
5655HK,51.414178,5.437310
5658AZ,51.445477,5.403671
5628XH,51.483267,5.477999
5658AD,51.449395,5.408981
5627LG,51.483224,5.448501
5654LW,51.419762,5.451434
5645CH,51.421713,5.507924
5652RC,51.445828,5.436008
5629CC,51.490294,5.455479
5651GR,51.465600,5.417292
5613LX,51.433382,5.497126
5612HX,51.446835,5.468072
5642CM,51.443019,5.504917
5625BH,51.469124,5.471624
5611KG,51.435199,5.473948
5643MR,51.422679,5.503671
5629BB,51.486866,5.485824
5611HM,51.436611,5.472570
5641JH,51.440136,5.527202
5622GX,51.464367,5.462045
5626CJ,51.476186,5.427663
5642LE,51.437898,5.519343
5623JG,51.463256,5.481571
5658SC,51.440651,5.400649
5641KK,51.445110,5.524096
5653HR,51.422641,5.447254
5625BD,51.468531,5.471551
5655AT,51.418507,5.444244
5615GD,51.431063,5.476126
5616JR,51.437239,5.462375
5642GB,51.439439,5.507784
5615LE,51.432890,5.472031
5623KV,51.467316,5.484313
5631JB,51.466242,5.489550
5623BK,51.457823,5.474279
5642AA,51.438343,5.506544
5652JT,51.439248,5.435023
5628GB,51.479507,5.470146
5622HZ,51.463719,5.462951
5632XN,51.476162,5.502886
5654BE,51.420023,5.465653
5622KK,51.459941,5.466916
5652XB,51.442810,5.430783
5644TC,51.423191,5.484047
5625BR,51.468514,5.470586
5624JG,51.469736,5.457003
5612RJ,51.443192,5.470526
5631AD,51.457106,5.527355
5631GD,51.460275,5.488198
5615RH,51.429705,5.463872
5644BC,51.413687,5.487965
5653ER,51.423681,5.451857
5611GE,51.436238,5.478581
5657DA,51.454736,5.400020
5631GP,51.461793,5.489237
5653JA,51.421970,5.440281
5614EL,51.428629,5.494124
5628PR,51.482334,5.475924
5658AB,51.449925,5.410765
5629CG,51.493275,5.461071
5652HA,51.442876,5.442664
5612CK,51.447288,5.475438
5652PH,51.441343,5.435528
5627BL,51.481521,5.438882
5645KE,51.423813,5.511135
5628RS,51.478188,5.478608
5611VG,51.436438,5.486807
5611LP,51.432022,5.479723
5643BZ,51.422775,5.497144
5643HM,51.418421,5.501086
5615LG,51.431317,5.471841
5616KK,51.438007,5.454351
5624EH,51.472142,5.461684
5632LN,51.480524,5.490517
5654RC,51.421928,5.452386
5643BT,51.423828,5.495766
5627GE,51.480179,5.443847
5642MS,51.440010,5.519867
5613LV,51.427780,5.498809
5628DG,51.482272,5.462363
5612AA,51.443981,5.474569
5623JP,51.461169,5.483538
5612NB,51.448922,5.465156
5657EZ,51.450700,5.401601
5616TZ,51.437988,5.460871
5613CC,51.440722,5.491765
5641TZ,51.443905,5.516613
5651AP,51.445655,5.441517
5632VA,51.484571,5.498085
5611HN,51.437312,5.473147
5641LR,51.443301,5.526637
5654RA,51.424451,5.456703
5628BA,51.476674,5.459662
5628VS,51.480239,5.487782
5622AL,51.453226,5.467479
5623ET,51.461959,5.473251
5627HG,51.478978,5.454498
5629NM,51.490488,5.474529
5622BR,51.454541,5.463827
5623GT,51.463658,5.484003
5658EV,51.441512,5.412616
5613KW,51.440320,5.498294
5642LG,51.438034,5.518509
5612JR,51.450389,5.462109
5651CB,51.448527,5.450266
5627TE,51.491237,5.440175
5643EG,51.419851,5.500429
5631AS,51.453010,5.509618
5616HG,51.439003,5.457416
5652BG,51.434894,5.443230
5626AT,51.478909,5.427622
5627HV,51.481540,5.453998
5654PB,51.426023,5.458934
5658BN,51.445485,5.409295
5642EC,51.441323,5.510780
5651CW,51.447810,5.446050
5612HM,51.451539,5.463621
5623CB,51.462003,5.474776
5658GD,51.436945,5.416597
5651AN,51.445645,5.443041
5641HC,51.449658,5.524772
5613KC,51.440749,5.500351
5613BM,51.443610,5.498517
5617BA,51.445991,5.459283
5625WC,51.471532,5.484697
5644TE,51.423363,5.482940
5628AG,51.478810,5.463566
5653RM,51.420432,5.442018
5655HS,51.414141,5.440358
5654SG,51.422358,5.453968
5653EW,51.426449,5.453528
5642HL,51.438209,5.514209
5632AP,51.471021,5.502542
5621GK,51.454320,5.457928
5641GG,51.448592,5.513677
5644CT,51.416603,5.493966
5631ET,51.460151,5.486298
5616DA,51.436010,5.457929
5626AR,51.478487,5.426542
5629NN,51.488986,5.475447
5621AL,51.452325,5.457594
5621AT,51.451991,5.459968
5615KW,51.428679,5.466559
5644LH,51.420159,5.487390
5652AE,51.430206,5.433776
5624GW,51.470850,5.457609
5612AL,51.444756,5.471794
5624NA,51.472034,5.446068
5623AW,51.454891,5.476877
5628JK,51.480317,5.468190
5644LR,51.418784,5.487028
5614HJ,51.426473,5.493270
5613KM,51.440265,5.499732
5616JW,51.438676,5.464074
5643PD,51.425184,5.497365
5612AG,51.447665,5.476187
5628TX,51.481001,5.479635
5623CN,51.461517,5.475034
5625WK,51.470400,5.484032
5612BB,51.446226,5.476414
5651BL,51.447828,5.444411
5644AD,51.419226,5.495841
5642AE,51.439584,5.506590
5629RG,51.492707,5.476189
5623HG,51.461806,5.485064
5622EP,51.461780,5.458271
5627JN,51.479682,5.449072
5657DV,51.455680,5.401502
5612JL,51.449599,5.461072
5644CK,51.417214,5.494399
5623HV,51.462472,5.483368
5627ES,51.488925,5.442965
5652EC,51.438453,5.445262
5628SB,51.477371,5.477210
5616SV,51.443223,5.450748
5612KW,51.445500,5.474543
5625SK,51.470308,5.485716
5642KR,51.436165,5.517296
5643MT,51.423788,5.500007
5613JA,51.440245,5.501141
5613JV,51.439162,5.496248
5628AH,51.478846,5.463480
5646HK,51.421215,5.510913
5616NZ,51.439612,5.461444
5652VA,51.441128,5.432536
5629PP,51.489180,5.468839
5627HT,51.480731,5.452859
5627CA,51.482454,5.441719
5615RZ,51.434859,5.472207
5611JJ,51.435847,5.472669
5655BA,51.417214,5.441612
5612LN,51.449656,5.469430
5646HG,51.421953,5.510052
5614AK,51.428357,5.497588
5631GN,51.461245,5.489164
5625GP,51.474829,5.462394
5615PJ,51.434303,5.470351
5612EL,51.451441,5.474094
5641GB,51.447862,5.515502
5614AM,51.431201,5.493727
5627DK,51.485762,5.440830
5612LB,51.447732,5.470994
5632NB,51.480781,5.495384
5643HV,51.418698,5.502812
5623BW,51.459021,5.471878
5641JA,51.447535,5.526348
5643VK,51.427097,5.507622
5612NT,51.448842,5.464451
5646HA,51.422798,5.510169
5643KD,51.423114,5.499732
5643VT,51.429147,5.507613
5623NB,51.453466,5.483435
5642MC,51.439154,5.513565
5625PM,51.474924,5.480746
5612HP,51.450893,5.461721
5616PJ,51.441111,5.465459
5613LP,51.430786,5.494905
5642GM,51.438634,5.512024
5643MV,51.422852,5.501759
5614BH,51.428316,5.492699
5614CG,51.427875,5.493763
5613JJ,51.438502,5.500202
5612JK,51.449833,5.460856
5616VB,51.445767,5.450004
5612NP,51.447654,5.465298
5611MJ,51.428658,5.482664
5652CP,51.436796,5.450408
5623CL,51.461940,5.474934
5632WL,51.479608,5.499930
5612EA,51.451989,5.475591
5626GA,51.477989,5.435452
5652NM,51.445800,5.437345
5627BV,51.480036,5.441587
5622GZ,51.465399,5.464364
5651CP,51.448232,5.447130
5646HD,51.417858,5.514871
5628BK,51.479594,5.460847
5613DN,51.439002,5.494177
5646AB,51.415984,5.502029
5628WC,51.477769,5.485430
5611DH,51.435768,5.481859
5616GN,51.440983,5.453233
5621EV,51.457017,5.457458
5642HN,51.438372,5.513376
5621BE,51.453567,5.453985
5627GP,51.481446,5.444381
5654KD,51.417389,5.450798
5615DC,51.431743,5.467140
5623JV,51.462531,5.477295
5631JP,51.464862,5.495432
5657AA,51.444496,5.361209
5628XC,51.480508,5.477835
5629KP,51.485560,5.478061
5624CB,51.467134,5.449486
5624JX,51.468375,5.463045
5633BJ,51.486212,5.502351
5631EL,51.460339,5.487047
5629MH,51.487349,5.477258
5643GP,51.418665,5.499405
5632BK,51.469019,5.499918
5625WE,51.469412,5.483267
5658RC,51.439150,5.394737
5625EC,51.473521,5.469156
5655CE,51.414417,5.445662
5624BG,51.463660,5.456562
5631NK,51.455043,5.516515
5643MP,51.423568,5.504435
5611NP,51.431407,5.484366
5627MC,51.487547,5.449788
5652GX,51.442203,5.441743
5621BL,51.451552,5.457507
5632NJ,51.480053,5.495339
5657EW,51.450376,5.402810
5611XB,51.438634,5.471912
5627DM,51.485826,5.439218
5616AV,51.435681,5.466715
5655JT,51.416607,5.433863
5626GB,51.477792,5.435149
5615GB,51.431817,5.476933
5612GR,51.451759,5.469505
5615SG,51.432131,5.465918
5625ET,51.473792,5.467732
5612ME,51.450260,5.479156
5621GC,51.454256,5.459497
5628RW,51.477631,5.478592
5626GN,51.475914,5.432686
5613KX,51.440508,5.499229
5627DZ,51.484487,5.437921
5623NL,51.455011,5.484373
5615JP,51.428977,5.476539
5615SV,51.430308,5.462881
5629PA,51.488135,5.471227
5611SP,51.433573,5.494682
5623JJ,51.462474,5.481483
5625NN,51.472905,5.476237
5629JA,51.486579,5.484081
5653LG,51.423732,5.438874
5612AM,51.445035,5.471493
5616SK,51.443509,5.453942
5625KC,51.475640,5.473320
5655BM,51.416162,5.442286
5632ED,51.474275,5.492950
5643JL,51.418198,5.499490
5625BN,51.468550,5.469478
5641AM,51.449537,5.520743
5627CB,51.483577,5.443174
5616BL,51.436419,5.465278
5615GC,51.430946,5.475896
5622CT,51.457141,5.460724
5616PD,51.442191,5.463346
5613DM,51.438222,5.492650
5628RC,51.476301,5.477625
5632DK,51.472702,5.493306
5613CA,51.440551,5.491520
5632ME,51.477664,5.492598
5628XB,51.482215,5.479364
5611RJ,51.431755,5.487401
5615NC,51.427543,5.470583
5654EL,51.417495,5.454881
5615KK,51.427779,5.468082
5643KE,51.422385,5.500953
5616NX,51.439612,5.461616
5642NM,51.440268,5.514028
5643PW,51.425737,5.501234
5623MG,51.459775,5.483635
5615JB,51.430345,5.474442
5654DH,51.420647,5.460277
5628PD,51.481057,5.477116
5641LG,51.444433,5.526496
5631JA,51.466134,5.490168
5645JA,51.425786,5.514879
5632WP,51.479871,5.497714
5613GM,51.439517,5.501815
5631GC,51.463933,5.488537
5629ME,51.486001,5.476708
5625GN,51.473534,5.462838
5622AK,51.453757,5.466747
5628ZA,51.483038,5.483483
5628GG,51.481183,5.464175
5627JH,51.488707,5.448825
5612RD,51.443498,5.471130
5621CS,51.455708,5.452003
5641NG,51.442384,5.526260
5658EG,51.437835,5.412182
5616BW,51.435926,5.462473
5643RE,51.429924,5.503588
5616AX,51.434566,5.466541
5622AD,51.455986,5.467197
5611VS,51.435997,5.488158
5653KT,51.423967,5.436645
5621HA,51.453518,5.460589
5628KC,51.477336,5.464413
5621CL,51.456075,5.454622
5628PT,51.481724,5.474584
5652CK,51.435888,5.450249
5652GT,51.441753,5.442274
5629NP,51.489859,5.474671
5632LP,51.480561,5.490143
5641KH,51.445111,5.523938
5652NR,51.442457,5.436320
5627JZ,51.478741,5.444435
5654LV,51.419797,5.453835
5611PT,51.433480,5.487304
5628DD,51.482596,5.461456
5627CR,51.485987,5.441594
5641PC,51.443711,5.521373
5625KK,51.475478,5.472557
5643VH,51.428759,5.508417
5643HJ,51.417405,5.500696
5653JS,51.420960,5.446476
5624NR,51.468795,5.451503
5623NM,51.455029,5.484589
5642EB,51.441854,5.510695
5642ED,51.440289,5.510619
5614BB,51.431094,5.492821
5627PC,51.492222,5.446756
5642RH,51.437632,5.524390
5612BH,51.448042,5.476591
5654BB,51.421587,5.466216
5625CP,51.471115,5.465655
5612KZ,51.447400,5.470174
5622EN,51.459981,5.460239
5615AP,51.424392,5.488736
5628DN,51.483197,5.463127
5613MB,51.438506,5.496822
5644JH,51.415456,5.489924
5621AJ,51.454210,5.460762
5627LV,51.485382,5.446214
5654PH,51.425788,5.460084
5641PB,51.443772,5.523531
5627KA,51.486335,5.446273
5627AD,51.478761,5.437986
5616RC,51.442061,5.455737
5622PK,51.459668,5.457980
5624NJ,51.472195,5.446888
5621AV,51.451639,5.460758
5614BG,51.427625,5.491964
5625VN,51.468253,5.482430
5612WH,51.445382,5.476111
5613BS,51.443525,5.501840
5641NN,51.442751,5.528044
5625LB,51.473267,5.473387
5612RP,51.444337,5.466989
5612MD,51.449837,5.480047
5653KJ,51.421638,5.438052
5652NH,51.443148,5.439414
5623LS,51.458663,5.481576
5616DE,51.435435,5.457726
5629MJ,51.485168,5.473079
5644TP,51.422681,5.481717
5623LW,51.459515,5.482987
5623EH,51.464395,5.472968
5625WH,51.469862,5.482405
5627NZ,51.493164,5.450170
5612RA,51.445072,5.469378
5644EC,51.420629,5.494206
5627HC,51.480111,5.453621
5653NW,51.421873,5.435364
5642AM,51.440852,5.505673
5643NM,51.424810,5.502957
5613AL,51.442358,5.491322
5616ER,51.431460,5.460869
5631BT,51.458022,5.494639
5627TS,51.491677,5.440636
5625ES,51.473909,5.467041
5627TJ,51.489737,5.435911
5653JT,51.424305,5.445229
5631BB,51.460041,5.488744
5621EL,51.457061,5.457961
5626DL,51.481330,5.418958
5622KS,51.459870,5.465261
5654RZ,51.421569,5.451221
5622JV,51.463105,5.466921
5616HX,51.436847,5.456175
5612PT,51.447754,5.464046
5654SH,51.422861,5.455320
5613BL,51.443078,5.499437
5654EE,51.419338,5.454194
5654AC,51.425857,5.465433
5631KX,51.463733,5.500279
5628TL,51.480458,5.483881
5615CV,51.424656,5.484079
5612PV,51.448348,5.463889
5644KK,51.418512,5.489917
5641RC,51.443611,5.522524
5644CG,51.417105,5.495692
5611VE,51.436501,5.486923
5625AM,51.470337,5.472158
5644SL,51.417854,5.481735
5632TK,51.485151,5.502621
5623HS,51.463074,5.483801
5655EZ,51.416317,5.438247
5645LG,51.428401,5.515260
5655AC,51.417375,5.444286
5654DA,51.418680,5.458031
5642GA,51.440741,5.508305
5615PM,51.432659,5.468881
5621GM,51.453350,5.456402
5622EJ,51.461178,5.457824
5623AL,51.455379,5.473987
5644CP,51.416621,5.493233
5631KN,51.463388,5.494723
5625XM,51.470052,5.480707
5632WS,51.480345,5.499658
5629KC,51.486122,5.483303
5631AE,51.454815,5.519277
5632AL,51.468107,5.504075
5613AC,51.442813,5.494948
5626NC,51.474118,5.434456
5623JA,51.463429,5.478261
5652RM,51.445298,5.433792
5627KM,51.484499,5.450345
5654KH,51.418298,5.449419
5625NV,51.471395,5.476248
5627ND,51.487629,5.447672
5616ET,51.430644,5.456655
5616BZ,51.436366,5.463437
5657AJ,51.463150,5.398871
5617AE,51.448406,5.456984
5611MK,51.428857,5.480018
5645LJ,51.428804,5.516699
5643RK,51.429590,5.505270
5643MN,51.423631,5.504536
5653PB,51.422139,5.443789
5658GC,51.436711,5.416885
5629MK,51.487044,5.476754
5646HX,51.420287,5.512808
5624EJ,51.471827,5.461971
5651CE,51.448194,5.449619
5623BE,51.457735,5.472135
5643AR,51.420250,5.496030
5616RL,51.442394,5.454141
5624EC,51.473365,5.460362
5628AK,51.478300,5.461133
5612BX,51.450047,5.476077
5623JK,51.462294,5.481612
5614AA,51.431436,5.491758
5621CP,51.458159,5.456495
5631HA,51.466208,5.488168
5622CD,51.459999,5.461017
5654BH,51.420841,5.465022
5614AD,51.429199,5.490919
5628NG,51.477192,5.476677
5622JE,51.466287,5.466812
5612DE,51.447483,5.478258
5613JE,51.439636,5.499529
5624GA,51.470830,5.461351
5632AA,51.468418,5.499326
5632NS,51.479776,5.493337
5644NR,51.420788,5.487506
5621BK,51.451948,5.456716
5625XA,51.468453,5.479466
5628JC,51.479625,5.468937
5612NV,51.446566,5.466821
5626BC,51.480267,5.426069
5653AM,51.429783,5.454799
5631LK,51.464906,5.496353
5626CC,51.476995,5.426786
5611JC,51.436846,5.471420
5643BE,51.423306,5.496440
5622HA,51.459115,5.465145
5652VJ,51.441156,5.430494
5653JH,51.422905,5.438988
5611RC,51.432121,5.489789
5622CE,51.459083,5.458727
5651EW,51.447882,5.444540
5645AC,51.417681,5.504319
5622PE,51.461162,5.455435
5641PT,51.442243,5.523829
5646BA,51.416652,5.507896
5613JD,51.440515,5.501170
5632GN,51.473351,5.490659
5632CL,51.469072,5.491240
5613EK,51.439277,5.488238
5623GK,51.464754,5.485416
5644TH,51.422464,5.482953
5653HH,51.422675,5.450130
5627MT,51.491600,5.450557
5615CS,51.426570,5.484672
5653KE,51.420641,5.437030
5654LH,51.420576,5.458336
5627PZ,51.492888,5.445951
5626GJ,51.475572,5.434658
5615NM,51.426787,5.471617
5627HJ,51.479537,5.451173
5655EL,51.417261,5.437472
5641CG,51.451762,5.516362
5611TE,51.434763,5.490557
5628CA,51.479453,5.457349
5623HA,51.461844,5.482446
5641NH,51.442744,5.526218
5612NH,51.449138,5.464250
5641SM,51.445641,5.515640
5623CK,51.460888,5.475191
5657DH,51.452947,5.402911
5613EM,51.439330,5.489359
5631BS,51.458795,5.494281
5658GJ,51.439479,5.416771
5629MB,51.485824,5.472821
5643VS,51.429120,5.507756
5632AT,51.470903,5.503967
5613LH,51.433882,5.500564
5632GJ,51.472866,5.490169
5653KK,51.421728,5.438253
5622KT,51.459834,5.465405
5627VC,51.483671,5.434508
5623EC,51.463154,5.473440
5652EE,51.437341,5.440457
5658EM,51.439732,5.413636
5654HW,51.418567,5.450139
5644RG,51.411247,5.482182
5621AN,51.452792,5.457020
5658SG,51.439779,5.401857
5642ET,51.442273,5.513357
5657EL,51.458754,5.397489
5658JD,51.440594,5.415363
5623GS,51.464225,5.484091
5628VG,51.481152,5.481536
5628TG,51.481023,5.485307
5624LC,51.463713,5.458605
5632MB,51.477448,5.493303
5616KE,51.438817,5.454107
5642AG,51.439072,5.506273
5641LJ,51.443284,5.525572
5621EE,51.456324,5.459054
5643NS,51.424580,5.499031
5632RD,51.482610,5.499750
5613CE,51.441268,5.493679
5623JX,51.461227,5.477739
5632TZ,51.485584,5.500837
5654PN,51.422545,5.456829
5643RS,51.425906,5.503118
5658CB,51.445952,5.413956
5652HD,51.440035,5.444703
5652PL,51.440939,5.434564
5625NT,51.472122,5.476839
5644RR,51.420172,5.482948
5616PM,51.440698,5.463890
5625PL,51.475282,5.481740
5615CR,51.425006,5.484655
5643ME,51.423921,5.502193
5615KC,51.430959,5.470676
5615AR,51.425137,5.489126
5613BP,51.442969,5.500673
5613JR,51.438928,5.497384
5653JL,51.423417,5.439750
5628TK,51.479576,5.485247
5631KT,51.464939,5.499030
5654NV,51.420904,5.451076
5622EE,51.460567,5.458312
5616AW,51.435169,5.465650
5647LA,51.423591,5.524190
5657DZ,51.448956,5.401414
5652NC,51.444343,5.438998
5628AM,51.478389,5.461075
5615EK,51.426629,5.478605
5652HB,51.441590,5.444058
5628BJ,51.479172,5.461048
5644BD,51.415071,5.488155
5632HK,51.470261,5.488695
5627JV,51.485935,5.437030
5658LH,51.442987,5.408877
5652KE,51.438511,5.435683
5645JJ,51.425904,5.513571
5623BG,51.457915,5.472524
5632HN,51.472526,5.489218
5627SZ,51.476009,5.442704
5615KB,51.431291,5.470820
5643VD,51.428070,5.505597
5641BL,51.451486,5.521742
5643HS,51.418591,5.501863
5627VB,51.483662,5.434781
5621GS,51.453854,5.456086
5626DX,51.480284,5.429955
5641WZ,51.444028,5.519778
5611LZ,51.431992,5.483275
5653CB,51.428426,5.453776
5642LT,51.438467,5.517144
5623JM,51.461666,5.479423
5643BV,51.423720,5.495708
5626HG,51.474611,5.431548
5612KJ,51.446986,5.470504
5651EB,51.448279,5.441649
5628KZ,51.478343,5.463292
5654BZ,51.418946,5.463509
5632WH,51.478835,5.499323
5612PA,51.449005,5.462394
5644JE,51.414011,5.487089
5613LK,51.433688,5.496393
5615KD,51.430842,5.469899
5628RV,51.477541,5.478606
5641GK,51.447765,5.521630
5611XJ,51.439461,5.472158
5655EN,51.417476,5.438809
5613EE,51.439632,5.493718
5653HS,51.422955,5.447442
5613AJ,51.442537,5.492387
5612KT,51.448845,5.472492
5622HV,51.463171,5.461684
5615NK,51.427578,5.472453
5611JE,51.436523,5.470542
5627CC,51.481851,5.442870
5631JH,51.465055,5.490468
5642LW,51.439413,5.515205
5627AB,51.475057,5.441595
5625XB,51.468534,5.479437
5628EB,51.482726,5.468669
5646KW,51.418271,5.507196
5645JH,51.426264,5.513773
5616BS,51.436815,5.464603
5632CJ,51.468981,5.492535
5621HR,51.453916,5.456849
5612LZ,51.444206,5.472915
5627ST,51.477293,5.445815
5625PC,51.474385,5.479579
5625TA,51.473535,5.485953
5632RB,51.482316,5.497388
5617AA,51.449097,5.457963
5658AL,51.445810,5.403614
5641HE,51.449122,5.521562
5632KX,51.476821,5.499793
5658GZ,51.442095,5.417535
5632XJ,51.478427,5.503453
5627MS,51.491214,5.450095
5626GM,51.477063,5.436732
5646BG,51.417204,5.504390
5646JK,51.419342,5.514243
5625NM,51.472904,5.476927
5632DD,51.470615,5.494582
5615CK,51.427720,5.486242
5641AP,51.452923,5.523257
5632SN,51.481327,5.497919
5628EE,51.482484,5.467819
5631EK,51.459818,5.487003
5622DB,51.458254,5.462323
5627MH,51.488706,5.450293
5611NS,51.431407,5.484107
5642DD,51.441701,5.518577
5632BJ,51.469631,5.499847
5624BA,51.464397,5.456937
5624EP,51.472584,5.459842
5628KD,51.478297,5.465120
5626NE,51.474118,5.434456
5622KN,51.458943,5.466727
5653PS,51.425529,5.440558
5615HG,51.430893,5.475090
5632KZ,51.476757,5.501492
5631HB,51.466091,5.488110
5643WH,51.426530,5.508195
5628DL,51.482468,5.464220
5623MP,51.458255,5.484927
5628ZN,51.483411,5.478705
5632JH,51.473892,5.498563
5613MD,51.438335,5.497167
5625PT,51.474671,5.481681
5627KS,51.483294,5.451754
5632SE,51.479426,5.501786
5623EK,51.462993,5.472346
5652NA,51.443777,5.439731
5653LT,51.418958,5.441212
5653KS,51.423491,5.435581
5625AW,51.470053,5.478865
5641SG,51.443006,5.517545
5653PE,51.424090,5.443892
5655AH,51.416943,5.445234
5652XC,51.442675,5.430567
5641AE,51.446490,5.503875
5632AW,51.468049,5.498865
5644EN,51.418456,5.492619
5613LZ,51.433876,5.497444
5631HD,51.465848,5.488095
5657EX,51.446260,5.400651
5624KA,51.466661,5.459070
5624KN,51.467819,5.460698
5628TM,51.479883,5.484081
5644LL,51.419748,5.485190
5645JB,51.425797,5.512722
5624GC,51.471325,5.460790
5654HM,51.419870,5.451865
5651AH,51.444090,5.443572
5623DE,51.454966,5.472691
5653NJ,51.420445,5.434255
5627JW,51.483004,5.439143
5622CK,51.458067,5.458855
5628JM,51.480642,5.467197
5652VE,51.441964,5.431847
5621BW,51.455545,5.452981
5615AE,51.426460,5.487562
5655AW,51.418166,5.443784
5631AP,51.453669,5.506829
5628VE,51.481144,5.480600
5626GP,51.476265,5.431924
5624HC,51.469718,5.457377
5624JP,51.470415,5.463682
5621GT,51.454788,5.456922
5655EG,51.416695,5.437011
5623DD,51.455002,5.472547
5625SM,51.474784,5.486474
5616LX,51.437988,5.460871
5629GT,51.485622,5.466371
5651HG,51.448591,5.442750
5653JB,51.422078,5.439907
5629NV,51.489851,5.472382
5631BX,51.459373,5.491836
5653LV,51.418635,5.441326
5652PD,51.442222,5.438406
5643LC,51.424212,5.502108
5632PM,51.483425,5.493677
5645KW,51.424833,5.516885
5645RD,51.425497,5.508006
5644HP,51.413536,5.485219
5655EJ,51.416956,5.436307
5622KH,51.460003,5.468125
5641TJ,51.444639,5.511955
5645CS,51.419728,5.506323
5645RE,51.424586,5.511066
5615JE,51.430156,5.474787
5625EL,51.471625,5.468822
5652ES,51.438122,5.441594
5658BZ,51.445783,5.405728
5632BD,51.475775,5.497631
5611ED,51.438773,5.478313
5655CR,51.415391,5.438074
5615NJ,51.428082,5.471735
5628SC,51.478477,5.477313
5653BJ,51.424842,5.449673
5627DL,51.487128,5.441034
5622KG,51.460121,5.467261
5628NE,51.477220,5.475856
5614BK,51.429663,5.494687
5631KM,51.462972,5.497341
5613GH,51.439947,5.502909
5629KB,51.490189,5.471121
5632BC,51.468994,5.498536
5624JV,51.468358,5.461030
5658PK,51.435806,5.400806
5627RG,51.486798,5.436584
5615EA,51.428578,5.480507
5642JK,51.436555,5.505633
5654SL,51.423939,5.456573
5612WR,51.447057,5.471453
5624HT,51.471260,5.462805
5646LC,51.411945,5.511077
5632RW,51.483203,5.500140
5652PC,51.441944,5.438017
5629LB,51.487787,5.480499
5653NV,51.421469,5.435291
5631KD,51.465390,5.497894
5652NN,51.440940,5.438440
5627HE,51.478441,5.450682
5641LW,51.442694,5.530029
5626HS,51.472086,5.431157
5645JC,51.426837,5.515213
5627JC,51.479153,5.446624
5653KZ,51.423734,5.434560
5652XH,51.440033,5.429831
5624ND,51.469905,5.454102
5612AS,51.444461,5.469550
5625BM,51.468371,5.469276
5628AV,51.477400,5.462009
5641JT,51.451143,5.523064
5621EM,51.457241,5.457602
5657DR,51.453837,5.402250
5651EG,51.447919,5.443116
5615HM,51.432438,5.475453
5628NN,51.479444,5.475529
5623DG,51.454930,5.472835
5627WC,51.488093,5.433476
5642ES,51.442571,5.511704
5632KT,51.476290,5.500512
5632EV,51.471012,5.493432
5626AS,51.474118,5.434456
5642LB,51.437944,5.518509
5613LA,51.438192,5.495703
5652VG,51.441074,5.431831
5623PE,51.453117,5.480758
5623EL,51.462525,5.473914
5621GA,51.453653,5.459798
5632ML,51.478410,5.493075
5616CG,51.431593,5.462797
5652NB,51.440940,5.438440
5613EV,51.440298,5.493087
5632AG,51.475775,5.497631
5625HA,51.474483,5.469633
5632HV,51.475321,5.489829
5653JJ,51.423112,5.439204
5653PP,51.424765,5.440615
5658PL,51.435806,5.400806
5652LH,51.439007,5.431930
5615EE,51.427941,5.479528
5611CW,51.441563,5.485193
5628ZC,51.483109,5.484390
5644TM,51.421125,5.483093
5627MD,51.488139,5.451300
5629TA,51.490189,5.471121
5653RN,51.420711,5.441070
5628TH,51.480304,5.485291
5615EC,51.425325,5.479407
5641PG,51.442846,5.523298
5626HH,51.475106,5.431620
5611GA,51.437416,5.478094
5651HH,51.448591,5.442750
5627EX,51.486170,5.444252
5626DE,51.479225,5.425693
5611BM,51.437084,5.480226
5626GK,51.476740,5.435436
5629HS,51.485602,5.468415
5626HD,51.474026,5.434210
5612AV,51.446812,5.485996
5625PN,51.475274,5.480847
5642TS,51.437909,5.525498
5658BR,51.440380,5.409281
5646AM,51.413000,5.501849
5651HL,51.448591,5.442750
5629HB,51.486488,5.461060
5629KS,51.488063,5.483911
5641JV,51.450765,5.523437
5658AV,51.446160,5.405023
5652LS,51.440200,5.438605
5643AM,51.422278,5.499543
5616LW,51.444735,5.462401
5621JG,51.454434,5.461669
5616LA,51.443683,5.462385
5623AN,51.455011,5.484373
5653AL,51.424314,5.443552
5644PV,51.413156,5.485279
5644PS,51.423031,5.492299
5652CT,51.440940,5.438440
5627EJ,52.132633,5.291266
5643DK,51.422036,5.499701
5626AJ,51.466239,5.440994
5643DN,51.421524,5.499096
